<?xml version="1.0" encoding="UTF-8"?>
<project-private xmlns="http://www.netbeans.org/ns/project-private/1">
    <editor-bookmarks xmlns="http://www.netbeans.org/ns/editor-bookmarks/2" lastBookmarkId="0"/>
    <open-files xmlns="http://www.netbeans.org/ns/projectui-open-files/2">
        <group>
            <file>file:/C:/Users/Admin/Desktop/dummy457%204/dummy457/src/demo/RoomPage.java</file>
            <file>file:/C:/Users/Admin/Desktop/dummy457%204/dummy457/src/demo/Connections.java</file>
            <file>file:/C:/Users/Admin/Desktop/dummy457%204/dummy457/src/demo/Dummy457.java</file>
            <file>file:/C:/Users/Admin/Desktop/dummy457%204/dummy457/src/demo/GuestReservations.java</file>
            <file>file:/C:/Users/Admin/Desktop/dummy457%204/dummy457/src/demo/RoomPageManager.java</file>
            <file>file:/C:/Users/Admin/Desktop/dummy457%204/dummy457/src/demo/ReceptionistPage.java</file>
            <file>file:/C:/Users/Admin/Desktop/dummy457%204/dummy457/src/demo/GuestPage.java</file>
            <file>file:/C:/Users/Admin/Desktop/dummy457%204/dummy457/src/demo/AssignCleaner.java</file>
            <file>file:/C:/Users/Admin/Desktop/dummy457%204/dummy457/src/demo/ReservationPageManager.java</file>
            <file>file:/C:/Users/Admin/Desktop/dummy457%204/dummy457/src/demo/BillPage.java</file>
            <file>file:/C:/Users/Admin/Desktop/dummy457%204/dummy457/src/demo/GuestBill.java</file>
            <file>file:/C:/Users/Admin/Desktop/dummy457%204/dummy457/src/demo/UpdateRoom.java</file>
            <file>file:/C:/Users/Admin/Desktop/dummy457%204/dummy457/src/demo/BillPageManager.java</file>
            <file>file:/C:/Users/Admin/Desktop/dummy457%204/dummy457/src/demo/Employee.java</file>
            <file>file:/C:/Users/Admin/Desktop/dummy457%204/dummy457/src/demo/LoginPage.java</file>
            <file>file:/C:/Users/Admin/Desktop/dummy457%204/dummy457/src/demo/UpdateEmployee.java</file>
            <file>file:/C:/Users/Admin/Desktop/dummy457%204/dummy457/src/demo/ManagerPage.java</file>
            <file>file:/C:/Users/Admin/Desktop/dummy457%204/dummy457/src/demo/Reservation.java</file>
            <file>file:/C:/Users/Admin/Desktop/dummy457%204/dummy457/src/demo/ReservationPage.java</file>
            <file>file:/C:/Users/Admin/Desktop/dummy457%204/dummy457/src/demo/Room.java</file>
            <file>file:/C:/Users/Admin/Desktop/dummy457%204/dummy457/src/demo/HousekeeperPage.java</file>
        </group>
    </open-files>
</project-private>
