<?xml version="1.0" encoding="UTF-8"?>
<project-private xmlns="http://www.netbeans.org/ns/project-private/1">
    <editor-bookmarks xmlns="http://www.netbeans.org/ns/editor-bookmarks/2" lastBookmarkId="0"/>
    <open-files xmlns="http://www.netbeans.org/ns/projectui-open-files/2">
        <group>
            <file>file:/Users/jamiaharper/dummy457/src/demo/LoginPage.java</file>
            <file>file:/Users/jamiaharper/dummy457/src/demo/Dummy457.java</file>
            <file>file:/Users/jamiaharper/dummy457/src/demo/ReservationPage.java</file>
            <file>file:/Users/jamiaharper/dummy457/src/demo/ManagerPage.java</file>
            <file>file:/Users/jamiaharper/dummy457/src/demo/Reservation.java</file>
            <file>file:/Users/jamiaharper/dummy457/src/demo/Connections.java</file>
            <file>file:/Users/jamiaharper/dummy457/src/demo/ReceptionistPage.java</file>
        </group>
    </open-files>
</project-private>
